 73.18	43287	43287	U	0	unclassified
 26.82	15862	22	R	1	root
 26.71	15797	161	R1	131567	  cellular organisms
 23.23	13743	0	D	2759	    Eukaryota
 23.23	13743	0	D1	33154	      Opisthokonta
 23.23	13743	0	K	33208	        Metazoa
 23.23	13743	0	K1	6072	          Eumetazoa
 23.23	13743	0	K2	33213	            Bilateria
 23.23	13743	0	K3	33511	              Deuterostomia
 23.23	13743	0	P	7711	                Chordata
 23.23	13743	0	P1	89593	                  Craniata
 23.23	13743	0	P2	7742	                    Vertebrata
 23.23	13743	0	P3	7776	                      Gnathostomata
 23.23	13743	0	P4	117570	                        Teleostomi
 23.23	13743	0	P5	117571	                          Euteleostomi
 23.23	13743	0	P6	8287	                            Sarcopterygii
 23.23	13743	0	P7	1338369	                              Dipnotetrapodomorpha
 23.23	13743	0	P8	32523	                                Tetrapoda
 23.23	13743	0	P9	32524	                                  Amniota
 23.23	13743	0	C	40674	                                    Mammalia
 23.23	13743	0	C1	32525	                                      Theria
 23.23	13743	0	C2	9347	                                        Eutheria
 23.23	13743	0	C3	1437010	                                          Boreoeutheria
 23.23	13743	0	C4	314146	                                            Euarchontoglires
 23.23	13743	0	O	9443	                                              Primates
 23.23	13743	0	O1	376913	                                                Haplorrhini
 23.23	13743	0	O2	314293	                                                  Simiiformes
 23.23	13743	0	O3	9526	                                                    Catarrhini
 23.23	13743	0	O4	314295	                                                      Hominoidea
 23.23	13743	0	F	9604	                                                        Hominidae
 23.23	13743	0	F1	207598	                                                          Homininae
 23.23	13743	0	G	9605	                                                            Homo
 23.23	13743	13743	S	9606	                                                              Homo sapiens
  3.20	1893	81	D	2	    Bacteria
  1.36	804	10	D1	1783272	      Terrabacteria group
  1.20	707	4	P	1239	        Firmicutes
  0.73	430	1	C	91061	          Bacilli
  0.69	408	2	O	1385	            Bacillales
  0.65	385	1	F	186817	              Bacillaceae
  0.62	366	4	G	1386	                Bacillus
  0.60	352	1	G1	86661	                  Bacillus cereus group
  0.59	347	3	S	1396	                    Bacillus cereus
  0.55	324	324	S1	526973	                      Bacillus cereus m1293
  0.03	18	18	S1	526969	                      Bacillus cereus m1550
  0.00	2	2	S1	1217984	                      Bacillus cereus FRI-35
  0.00	2	2	S	1405	                    Bacillus mycoides
  0.00	1	0	S	1428	                    Bacillus thuringiensis
  0.00	1	1	S1	1440	                      Bacillus thuringiensis serovar alesti
  0.00	1	1	S	1890302	                    Bacillus wiedmannii
  0.00	2	2	S	666686	                  Bacillus sp. 1NLA3E
  0.00	2	0	S	665099	                  Bacillus oceanisediminis
  0.00	2	2	S1	1196031	                    Bacillus oceanisediminis 2691
  0.00	2	0	S	79885	                  Bacillus pseudofirmus
  0.00	2	2	S1	398511	                    Bacillus pseudofirmus OF4
  0.00	1	1	S	1398	                  Bacillus coagulans
  0.00	1	1	S	129985	                  Bacillus jeotgali
  0.00	1	1	S	86664	                  Bacillus flexus
  0.00	1	0	G1	653685	                  Bacillus subtilis group
  0.00	1	1	S	1423	                    Bacillus subtilis
  0.02	12	0	G	182709	                Oceanobacillus
  0.02	11	11	S	182710	                  Oceanobacillus iheyensis
  0.00	1	0	S	746691	                  Oceanobacillus kimchii
  0.00	1	1	S1	1238184	                    Oceanobacillus kimchii X50
  0.01	4	0	G	175304	                Lentibacillus
  0.01	4	4	S	1472767	                  Lentibacillus amyloliquefaciens
  0.00	1	0	G	400634	                Lysinibacillus
  0.00	1	1	S	1421	                  Lysinibacillus sphaericus
  0.00	1	0	G	1906945	                Parageobacillus
  0.00	1	1	S	1295642	                  Parageobacillus genomosp. 1
  0.02	10	0	F	90964	              Staphylococcaceae
  0.02	10	1	G	1279	                Staphylococcus
  0.01	5	5	S	1286	                  Staphylococcus simulans
  0.00	1	1	S	61015	                  Staphylococcus succinus
  0.00	1	1	S	643214	                  Staphylococcus stepanovicii
  0.00	1	0	S	1292	                  Staphylococcus warneri
  0.00	1	1	S1	1194526	                    Staphylococcus warneri SG1
  0.00	1	1	S	1294	                  Staphylococcus muscae
  0.01	4	0	F	186822	              Paenibacillaceae
  0.01	4	0	G	44249	                Paenibacillus
  0.00	1	1	S	1536771	                  Paenibacillus sp. FSL R5-0912
  0.00	1	0	S	159743	                  Paenibacillus terrae
  0.00	1	1	S1	985665	                    Paenibacillus terrae HPL-003
  0.00	1	1	S	414771	                  Paenibacillus donghaensis
  0.00	1	1	S	189426	                  Paenibacillus odorifer
  0.01	3	0	F	186818	              Planococcaceae
  0.01	3	2	G	1372	                Planococcus
  0.00	1	1	S	192421	                  Planococcus maritimus
  0.00	2	0	F	186823	              Alicyclobacillaceae
  0.00	1	0	G	29330	                Alicyclobacillus
  0.00	1	0	S	405212	                  Alicyclobacillus acidocaldarius
  0.00	1	0	S1	1388	                    Alicyclobacillus acidocaldarius subsp. acidocaldarius
  0.00	1	1	S2	521098	                      Alicyclobacillus acidocaldarius subsp. acidocaldarius DSM 446
  0.00	1	1	G	1129704	                Kyrpidia
  0.00	1	0	F	186820	              Listeriaceae
  0.00	1	0	G	1637	                Listeria
  0.00	1	0	S	1638	                  Listeria ivanovii
  0.00	1	1	S1	202752	                    Listeria ivanovii subsp. londoniensis
  0.00	1	0	O1	539002	              Bacillales incertae sedis
  0.00	1	0	O2	539738	                Bacillales Family XI. Incertae Sedis
  0.00	1	0	G	1378	                  Gemella
  0.00	1	1	S	1785995	                    Gemella sp. oral taxon 928
  0.04	21	0	O	186826	            Lactobacillales
  0.01	8	0	F	33958	              Lactobacillaceae
  0.01	5	0	G	1578	                Lactobacillus
  0.01	3	1	S	1590	                  Lactobacillus plantarum
  0.00	2	2	S1	1284663	                    Lactobacillus plantarum ZJ316
  0.00	2	1	S	1624	                  Lactobacillus salivarius
  0.00	1	1	S1	1194971	                    Lactobacillus salivarius str. Ren
  0.01	3	2	G	1253	                Pediococcus
  0.00	1	0	G1	1670797	                  Pediococcus acidilactici group
  0.00	1	1	S	1254	                    Pediococcus acidilactici
  0.01	6	0	F	1300	              Streptococcaceae
  0.01	4	0	G	1301	                Streptococcus
  0.00	1	1	S	1304	                  Streptococcus salivarius
  0.00	1	0	S	1305	                  Streptococcus sanguinis
  0.00	1	1	S1	388919	                    Streptococcus sanguinis SK36
  0.00	1	0	G1	119603	                  Streptococcus dysgalactiae group
  0.00	1	0	S	1334	                    Streptococcus dysgalactiae
  0.00	1	1	S1	119602	                      Streptococcus dysgalactiae subsp. equisimilis
  0.00	1	1	S	1314	                  Streptococcus pyogenes
  0.00	2	0	G	1357	                Lactococcus
  0.00	1	0	S	1358	                  Lactococcus lactis
  0.00	1	1	S1	1360	                    Lactococcus lactis subsp. lactis
  0.00	1	1	S	1364	                  Lactococcus piscium
  0.01	4	0	F	81852	              Enterococcaceae
  0.01	4	0	G	1350	                Enterococcus
  0.00	2	2	S	1354	                  Enterococcus hirae
  0.00	1	1	S	44008	                  Enterococcus cecorum
  0.00	1	1	S	417368	                  Enterococcus thailandicus
  0.01	3	0	F	186828	              Carnobacteriaceae
  0.00	2	0	G	191769	                Marinilactibacillus
  0.00	2	2	S	1911586	                  Marinilactibacillus sp. 15R
  0.00	1	0	G	1470540	                Jeotgalibaca
  0.00	1	1	S	708126	                  Jeotgalibaca dankookensis
  0.46	272	0	C	186801	          Clostridia
  0.44	263	0	O	186802	            Clostridiales
  0.42	249	0	F	31979	              Clostridiaceae
  0.41	245	4	G	1485	                Clostridium
  0.39	230	229	S	1491	                  Clostridium botulinum
  0.00	1	0	S1	36826	                    Clostridium botulinum A
  0.00	1	1	S2	498214	                      Clostridium botulinum A3 str. Loch Maree
  0.00	2	2	S	1513	                  Clostridium tetani
  0.00	1	0	S	1561	                  Clostridium baratii
  0.00	1	1	S1	1415775	                    Clostridium baratii str. Sullivan
  0.00	1	0	S	238834	                  Clostridium estertheticum
  0.00	1	1	S1	1552	                    Clostridium estertheticum subsp. estertheticum
  0.00	1	1	S	46867	                  Clostridium chauvoei
  0.00	1	0	S	1538	                  Clostridium ljungdahlii
  0.00	1	1	S1	748727	                    Clostridium ljungdahlii DSM 13528
  0.00	1	0	S	1520	                  Clostridium beijerinckii
  0.00	1	1	S1	1428454	                    Clostridium beijerinckii NRRL B-598
  0.00	1	1	S	1519	                  Clostridium tyrobutyricum
  0.00	1	1	S	1501	                  Clostridium pasteurianum
  0.00	1	1	S	1494	                  Clostridium cochlearium
  0.00	1	1	S	1492	                  Clostridium butyricum
  0.01	4	0	G	114627	                Alkaliphilus
  0.01	4	0	S	461876	                  Alkaliphilus oremlandii
  0.01	4	4	S1	350688	                    Alkaliphilus oremlandii OhILAs
  0.01	5	0	F	186804	              Peptostreptococcaceae
  0.01	4	0	G	1849828	                Paeniclostridium
  0.01	4	4	S	1505	                  Paeniclostridium sordellii
  0.00	1	0	G	186831	                Acetoanaerobium
  0.00	1	1	S	1511	                  Acetoanaerobium sticklandii
  0.01	3	0	F	186803	              Lachnospiraceae
  0.00	2	0	F1	186928	                unclassified Lachnospiraceae
  0.00	2	0	S	39491	                  [Eubacterium] rectale
  0.00	2	2	S1	515619	                    [Eubacterium] rectale ATCC 33656
  0.00	1	0	G	1506553	                Lachnoclostridium
  0.00	1	1	S	208479	                  [Clostridium] bolteae
  0.01	3	0	F	186807	              Peptococcaceae
  0.00	2	0	G	79206	                Desulfosporosinus
  0.00	1	0	S	1563	                  Desulfosporosinus orientis
  0.00	1	1	S1	768706	                    Desulfosporosinus orientis DSM 765
  0.00	1	0	S	79209	                  Desulfosporosinus meridiei
  0.00	1	1	S1	768704	                    Desulfosporosinus meridiei DSM 13257
  0.00	1	0	G	36853	                Desulfitobacterium
  0.00	1	0	S	36854	                  Desulfitobacterium dehalogenans
  0.00	1	1	S1	756499	                    Desulfitobacterium dehalogenans ATCC 51507
  0.00	2	0	F	541000	              Ruminococcaceae
  0.00	2	0	G	1890281	                Herbivorax
  0.00	2	2	S	1677857	                  Herbivorax saccincola
  0.00	1	0	F	216572	              Oscillospiraceae
  0.00	1	0	G	459786	                Oscillibacter
  0.00	1	0	S	351091	                  Oscillibacter valericigenes
  0.00	1	1	S1	693746	                    Oscillibacter valericigenes Sjm18-20
  0.01	6	0	O	485256	            Natranaerobiales
  0.01	6	0	F	485255	              Natranaerobiaceae
  0.01	6	0	G	375928	                Natranaerobius
  0.01	6	0	S	375929	                  Natranaerobius thermophilus
  0.01	6	6	S1	457570	                    Natranaerobius thermophilus JW/NM-WN-LF
  0.01	3	0	O	68295	            Thermoanaerobacterales
  0.00	1	0	F	186814	              Thermoanaerobacteraceae
  0.00	1	1	G	1754	                Thermoanaerobacter
  0.00	1	0	F	227387	              Thermodesulfobiaceae
  0.00	1	0	G	227388	                Thermodesulfobium
  0.00	1	1	S	1794699	                  Thermodesulfobium acidiphilum
  0.00	1	0	F	543371	              Thermoanaerobacterales Family III. Incertae Sedis
  0.00	1	0	G	44000	                Caldicellulosiruptor
  0.00	1	0	S	413888	                  Caldicellulosiruptor hydrothermalis
  0.00	1	1	S1	632292	                    Caldicellulosiruptor hydrothermalis 108
  0.00	1	0	C	526524	          Erysipelotrichia
  0.00	1	0	O	526525	            Erysipelotrichales
  0.00	1	0	F	128827	              Erysipelotrichaceae
  0.00	1	0	G	191303	                Turicibacter
  0.00	1	1	S	1712675	                  Turicibacter sp. H121
  0.08	47	0	P	201174	        Actinobacteria
  0.08	45	1	C	1760	          Actinobacteria
  0.02	14	1	O	85007	            Corynebacteriales
  0.01	8	1	F	1762	              Mycobacteriaceae
  0.01	3	1	G	1763	                Mycobacterium
  0.00	1	1	S	1936029	                  Mycobacterium sp. MS1601
  0.00	1	1	S	1545728	                  Mycobacterium sp. EPa45
  0.01	3	0	G	670516	                Mycobacteroides
  0.01	3	3	S	36809	                  Mycobacteroides abscessus
  0.00	1	0	G	1866885	                Mycolicibacterium
  0.00	1	0	S	1804	                  Mycolicibacterium gilvum
  0.00	1	1	S1	278137	                    Mycolicibacterium gilvum Spyr1
  0.01	3	0	F	85025	              Nocardiaceae
  0.01	3	0	G	1827	                Rhodococcus
  0.00	1	1	S	1829	                  Rhodococcus rhodochrous
  0.00	1	1	S	1990687	                  Rhodococcus sp. S2-17
  0.00	1	1	S	1833	                  Rhodococcus erythropolis
  0.00	1	0	F	1653	              Corynebacteriaceae
  0.00	1	0	G	1716	                Corynebacterium
  0.00	1	0	S	160386	                  Corynebacterium casei
  0.00	1	1	S1	1285583	                    Corynebacterium casei LMG S-19264
  0.00	1	0	F	85028	              Tsukamurellaceae
  0.00	1	0	G	2060	                Tsukamurella
  0.00	1	1	S	57704	                  Tsukamurella tyrosinosolvens
  0.02	12	0	O	85011	            Streptomycetales
  0.02	12	0	F	2062	              Streptomycetaceae
  0.02	11	2	G	1883	                Streptomyces
  0.01	4	0	S	348043	                  Streptomyces davaonensis
  0.01	4	4	S1	1214101	                    Streptomyces davaonensis JCM 4913
  0.00	2	0	S	379067	                  Streptomyces bingchenggensis
  0.00	2	2	S1	749414	                    Streptomyces bingchenggensis BCW-1
  0.00	1	0	S	1912	                  Streptomyces hygroscopicus
  0.00	1	1	S1	264445	                    Streptomyces hygroscopicus subsp. limoneus
  0.00	1	1	S	2049881	                  Streptomyces sp. XZHG99
  0.00	1	1	S	1855352	                  Streptomyces sp. TLI_053
  0.00	1	0	G	2063	                Kitasatospora
  0.00	1	1	S	68173	                  Kitasatospora albolonga
  0.01	4	0	O	85006	            Micrococcales
  0.00	2	0	F	85017	              Promicromonosporaceae
  0.00	2	0	G	186188	                Xylanimonas
  0.00	2	0	S	186189	                  Xylanimonas cellulosilytica
  0.00	2	2	S1	446471	                    Xylanimonas cellulosilytica DSM 15894
  0.00	1	0	F	1268	              Micrococcaceae
  0.00	1	0	G	1742989	                Glutamicibacter
  0.00	1	0	S	256701	                  Glutamicibacter arilaitensis
  0.00	1	1	S1	861360	                    Glutamicibacter arilaitensis Re117
  0.00	1	0	F	85023	              Microbacteriaceae
  0.00	1	0	G	235888	                Salinibacterium
  0.00	1	1	S	2079791	                  Salinibacterium sp. CGMCC 1.16371
  0.01	3	0	O	85009	            Propionibacteriales
  0.00	2	0	F	85015	              Nocardioidaceae
  0.00	2	0	G	1839	                Nocardioides
  0.00	2	2	S	110319	                  Nocardioides sp. CF8
  0.00	1	0	F	31957	              Propionibacteriaceae
  0.00	1	0	G	72763	                Tessaracoccus
  0.00	1	1	S	1332264	                  Tessaracoccus aquimaris
  0.01	3	0	O	85010	            Pseudonocardiales
  0.01	3	0	F	2070	              Pseudonocardiaceae
  0.00	2	0	G	65496	                Actinoalloteichus
  0.00	2	2	S	2072503	                  Actinoalloteichus sp. AHMU CJ021
  0.00	1	0	G	142577	                Prauserella
  0.00	1	1	S	530584	                  Prauserella marina
  0.00	2	0	O	85004	            Bifidobacteriales
  0.00	2	0	F	31953	              Bifidobacteriaceae
  0.00	1	0	G	2701	                Gardnerella
  0.00	1	1	S	2702	                  Gardnerella vaginalis
  0.00	1	0	G	196082	                Parascardovia
  0.00	1	0	S	78258	                  Parascardovia denticolens
  0.00	1	1	S1	864564	                    Parascardovia denticolens DSM 10105 = JCM 12538
  0.00	1	0	O	2037	            Actinomycetales
  0.00	1	0	F	2049	              Actinomycetaceae
  0.00	1	0	G	1654	                Actinomyces
  0.00	1	1	S	1960083	                  Actinomyces gaoshouyii
  0.00	1	0	O	85008	            Micromonosporales
  0.00	1	0	F	28056	              Micromonosporaceae
  0.00	1	0	G	1873	                Micromonospora
  0.00	1	1	S	356851	                  Micromonospora chokoriensis
  0.00	1	0	O	85012	            Streptosporangiales
  0.00	1	0	F	83676	              Nocardiopsaceae
  0.00	1	0	G	2013	                Nocardiopsis
  0.00	1	0	S	53437	                  Nocardiopsis alba
  0.00	1	1	S1	1205910	                    Nocardiopsis alba ATCC BAA-2165
  0.00	1	0	O	85013	            Frankiales
  0.00	1	0	F	74712	              Frankiaceae
  0.00	1	0	G	1434010	                Jatrophihabitans
  0.00	1	1	S	1907575	                  Jatrophihabitans sp. GAS493
  0.00	1	0	O	85014	            Glycomycetales
  0.00	1	0	F	85034	              Glycomycetaceae
  0.00	1	0	G	283810	                Stackebrandtia
  0.00	1	0	S	283811	                  Stackebrandtia nassauensis
  0.00	1	1	S1	446470	                    Stackebrandtia nassauensis DSM 44728
  0.00	1	0	O	1643684	            Nakamurellales
  0.00	1	0	F	85031	              Nakamurellaceae
  0.00	1	0	G	53460	                Nakamurella
  0.00	1	0	S	53461	                  Nakamurella multipartita
  0.00	1	1	S1	479431	                    Nakamurella multipartita DSM 44233
  0.00	2	0	C	84998	          Coriobacteriia
  0.00	1	0	O	84999	            Coriobacteriales
  0.00	1	0	F	1643824	              Atopobiaceae
  0.00	1	0	G	133925	                Olsenella
  0.00	1	1	S	604330	                  Olsenella umbonata
  0.00	1	0	O	1643822	            Eggerthellales
  0.00	1	0	F	1643826	              Eggerthellaceae
  0.00	1	0	G	84108	                Slackia
  0.00	1	0	S	84110	                  Slackia heliotrinireducens
  0.00	1	1	S1	471855	                    Slackia heliotrinireducens DSM 20476
  0.05	32	0	D2	1798711	        Cyanobacteria/Melainabacteria group
  0.05	32	0	P	1117	          Cyanobacteria
  0.03	19	0	O	1161	            Nostocales
  0.02	10	0	F	1185	              Rivulariaceae
  0.02	9	1	G	1186	                Calothrix
  0.01	5	0	S	938406	                  Calothrix brevissima
  0.01	5	5	S1	1973478	                    Calothrix brevissima NIES-22
  0.00	1	1	S	99598	                  Calothrix sp. PCC 7507
  0.00	1	1	S	1954171	                  Calothrix sp. NIES-2098
  0.00	1	1	S	1954172	                  Calothrix sp. NIES-2100
  0.00	1	0	G	373984	                Rivularia
  0.00	1	1	S	373994	                  Rivularia sp. PCC 7116
  0.01	6	1	F	1162	              Nostocaceae
  0.01	3	0	G	1177	                Nostoc
  0.00	1	1	S	28072	                  Nostoc sp. PCC 7524
  0.00	1	0	S	92942	                  Nostoc linckia
  0.00	1	1	S1	1091006	                    Nostoc linckia NIES-25
  0.00	1	1	S	1618022	                  Nostoc sp. 'Lobaria pulmonaria (5183) cyanobiont'
  0.00	2	0	G	264688	                Trichormus
  0.00	1	0	S	1164	                  Trichormus azollae
  0.00	1	1	S1	551115	                    'Nostoc azollae' 0708
  0.00	1	0	S	264691	                  Trichormus variabilis
  0.00	1	1	S1	240292	                    Trichormus variabilis ATCC 29413
  0.00	2	0	F	1182	              Scytonemataceae
  0.00	2	0	G	1203	                Scytonema
  0.00	2	2	S	2005464	                  Scytonema sp. NIES-4073
  0.00	1	0	F	1892259	              Aphanizomenonaceae
  0.00	1	0	G	752201	                Sphaerospermopsis
  0.00	1	0	S	289435	                  Sphaerospermopsis kisseleviana
  0.00	1	1	S1	1973480	                    Sphaerospermopsis kisseleviana NIES-73
  0.01	7	0	P1	1301283	            Oscillatoriophycideae
  0.01	4	0	O	1150	              Oscillatoriales
  0.00	2	0	F	1892249	                Cyanothecaceae
  0.00	2	0	G	43988	                  Cyanothece
  0.00	1	1	S	395961	                    Cyanothece sp. PCC 7425
  0.00	1	1	S	395962	                    Cyanothece sp. PCC 8802
  0.00	2	0	F	1892252	                Microcoleaceae
  0.00	1	0	G	1205	                  Trichodesmium
  0.00	1	0	S	1206	                    Trichodesmium erythraeum
  0.00	1	1	S1	203124	                      Trichodesmium erythraeum IMS101
  0.00	1	0	G	44471	                  Microcoleus
  0.00	1	1	S	1173027	                    Microcoleus sp. PCC 7113
  0.01	3	0	O	1118	              Chroococcales
  0.00	1	0	F	1890449	                Microcystaceae
  0.00	1	1	G	1125	                  Microcystis
  0.00	1	0	F	1890452	                Cyanobacteriaceae
  0.00	1	0	G	102234	                  Cyanobacterium
  0.00	1	0	S	379064	                    Cyanobacterium aponinum
  0.00	1	1	S1	755178	                      Cyanobacterium aponinum PCC 10605
  0.00	1	0	F	1890464	                Chroococcaceae
  0.00	1	0	G	669357	                  Geminocystis
  0.00	1	1	S	1617448	                    Geminocystis sp. NIES-3709
  0.01	6	0	O	1890424	            Synechococcales
  0.01	4	0	F	1890438	              Leptolyngbyaceae
  0.01	4	0	G	47251	                Leptolyngbya
  0.01	3	3	S	1080068	                  Leptolyngbya sp. O-77
  0.00	1	1	S	111781	                  Leptolyngbya sp. PCC 7376
  0.00	1	0	F	1890426	              Synechococcaceae
  0.00	1	0	G	1129	                Synechococcus
  0.00	1	1	S	1280380	                  Synechococcus sp. KORDI-100
  0.00	1	0	F	1890436	              Pseudanabaenaceae
  0.00	1	0	G	1152	                Pseudanabaena
  0.00	1	1	S	82654	                  Pseudanabaena sp. PCC 7367
  0.01	5	0	P	544448	        Tenericutes
  0.01	5	0	C	31969	          Mollicutes
  0.01	3	0	O	2085	            Mycoplasmatales
  0.01	3	0	F	2092	              Mycoplasmataceae
  0.01	3	0	G	2093	                Mycoplasma
  0.00	1	1	S	2096	                  Mycoplasma gallisepticum
  0.00	1	1	S	29555	                  Mycoplasma canis
  0.00	1	1	S	45361	                  Mycoplasma conjunctivae
  0.00	1	0	O	186328	            Entomoplasmatales
  0.00	1	0	F	2131	              Spiroplasmataceae
  0.00	1	0	G	2132	                Spiroplasma
  0.00	1	1	S	362837	                  Spiroplasma cantharicola
  0.00	1	0	O	186329	            Acholeplasmatales
  0.00	1	0	F	2146	              Acholeplasmataceae
  0.00	1	0	G	2147	                Acholeplasma
  0.00	1	1	S	2148	                  Acholeplasma laidlawii
  0.00	2	0	P	1297	        Deinococcus-Thermus
  0.00	2	0	C	188787	          Deinococci
  0.00	2	0	O	118964	            Deinococcales
  0.00	2	0	F	183710	              Deinococcaceae
  0.00	2	0	G	1298	                Deinococcus
  0.00	1	0	S	68909	                  Deinococcus geothermalis
  0.00	1	1	S1	319795	                    Deinococcus geothermalis DSM 11300
  0.00	1	1	S	2080419	                  Deinococcus sp. NW-56
  0.00	1	0	P	200795	        Chloroflexi
  0.00	1	0	C	292625	          Anaerolineae
  0.00	1	0	O	292629	            Anaerolineales
  0.00	1	0	F	292628	              Anaerolineaceae
  0.00	1	0	F1	1324991	                unclassified Anaerolineaceae
  0.00	1	1	S	1889813	                  Anaerolineaceae bacterium oral taxon 439
  1.03	607	16	P	1224	      Proteobacteria
  0.67	394	10	C	1236	        Gammaproteobacteria
  0.43	256	1	O	72274	          Pseudomonadales
  0.41	243	1	F	135621	            Pseudomonadaceae
  0.41	242	28	G	286	              Pseudomonas
  0.11	65	3	G1	136841	                Pseudomonas aeruginosa group
  0.07	43	27	S	300	                  Pseudomonas mendocina
  0.01	8	8	S1	1001585	                    Pseudomonas mendocina NK-01
  0.01	5	5	S1	399739	                    Pseudomonas mendocina ymp
  0.01	3	3	S1	1225174	                    Pseudomonas mendocina S5.2
  0.02	9	9	S	43263	                  Pseudomonas alcaligenes
  0.01	4	0	S	53412	                  Pseudomonas resinovorans
  0.01	4	4	S1	1245471	                    Pseudomonas resinovorans NBRC 106553
  0.01	3	3	S	287	                  Pseudomonas aeruginosa
  0.01	3	0	G2	1232139	                  Pseudomonas oleovorans/pseudoalcaligenes group
  0.00	2	2	S	330	                    Pseudomonas pseudoalcaligenes
  0.00	1	1	S	1149133	                    Pseudomonas furukawaii
  0.05	30	30	S	1930532	                Pseudomonas sp. CC6-YY-74
  0.04	26	0	G1	136843	                Pseudomonas fluorescens group
  0.03	18	3	S	294	                  Pseudomonas fluorescens
  0.02	10	10	S1	746360	                    Pseudomonas fluorescens WH6
  0.01	4	4	S1	743713	                    Pseudomonas fluorescens R124
  0.00	1	1	S1	1038922	                    Pseudomonas fluorescens Q2-87
  0.00	2	2	S	200451	                  Pseudomonas poae
  0.00	2	2	S	183795	                  Pseudomonas mediterranea
  0.00	1	1	S	29442	                  Pseudomonas tolaasii
  0.00	1	1	S	380021	                  Pseudomonas protegens
  0.00	1	1	S	200450	                  Pseudomonas trivialis
  0.00	1	1	S	75612	                  Pseudomonas mandelii
  0.04	24	0	G1	136845	                Pseudomonas putida group
  0.03	17	10	S	303	                  Pseudomonas putida
  0.01	6	6	S1	390235	                    Pseudomonas putida W619
  0.00	1	1	S1	1211579	                    Pseudomonas putida NBRC 14164
  0.01	6	0	S	47880	                  Pseudomonas fulva
  0.01	6	6	S1	743720	                    Pseudomonas fulva 12-X
  0.00	1	1	S	76759	                  Pseudomonas monteilii
  0.03	15	0	G1	136846	                Pseudomonas stutzeri group
  0.02	14	0	G2	578833	                  Pseudomonas stutzeri subgroup
  0.02	14	7	S	316	                    Pseudomonas stutzeri
  0.01	3	3	S1	644801	                      Pseudomonas stutzeri RCH2
  0.01	3	3	S1	1123519	                      Pseudomonas stutzeri DSM 10701
  0.00	1	1	S1	996285	                      Pseudomonas stutzeri DSM 4166
  0.00	1	0	S	74829	                  Pseudomonas balearica
  0.00	1	1	S1	1123016	                    Pseudomonas balearica DSM 6083
  0.01	7	0	G1	136849	                Pseudomonas syringae group
  0.01	4	0	G2	251695	                  Pseudomonas syringae group genomosp. 1
  0.01	4	0	S	317	                    Pseudomonas syringae
  0.00	2	0	S1	321	                      Pseudomonas syringae pv. syringae
  0.00	1	1	S2	1262350	                        Pseudomonas syringae pv. syringae SM
  0.00	1	1	S2	1324932	                        Pseudomonas syringae pv. syringae HS191
  0.00	1	0	S1	264449	                      Pseudomonas syringae group pathovars incertae sedis
  0.00	1	1	S2	103796	                        Pseudomonas syringae pv. actinidiae
  0.00	1	1	S1	1357279	                      Pseudomonas syringae CC1557
  0.00	2	0	S	36746	                  Pseudomonas cichorii
  0.00	2	2	S1	1441629	                    Pseudomonas cichorii JBC1
  0.00	1	1	S	50340	                  Pseudomonas fuscovaginae
  0.01	4	4	S	1981174	                Pseudomonas sp. M30-35
  0.01	4	4	S	1898684	                Pseudomonas sp. LPH1
  0.01	3	3	S	1856685	                Pseudomonas sp. TCU-HL1
  0.01	3	0	G1	136842	                Pseudomonas chlororaphis group
  0.00	1	1	S	296	                  Pseudomonas fragi
  0.00	1	1	S	47884	                  Pseudomonas taetrolens
  0.00	1	0	S	587753	                  Pseudomonas chlororaphis
  0.00	1	1	S1	86192	                    Pseudomonas chlororaphis subsp. aurantiaca
  0.00	2	2	S	702115	                Pseudomonas arsenicoxydans
  0.00	2	2	S	1649877	                Pseudomonas sp. CCOS 191
  0.00	2	2	S	364197	                Pseudomonas pohangensis
  0.00	2	2	S	359110	                Pseudomonas extremaustralis
  0.00	2	2	S	2083054	                Pseudomonas sp. LG1D9
  0.00	2	0	S	65741	                Pseudomonas knackmussii
  0.00	2	2	S1	1301098	                  Pseudomonas knackmussii B13
  0.00	1	1	S	797277	                Pseudomonas litoralis
  0.00	1	0	S	312306	                Pseudomonas entomophila
  0.00	1	1	S1	384676	                  Pseudomonas entomophila L48
  0.00	1	1	S	1245526	                Pseudomonas guangdongensis
  0.00	1	1	S	395598	                Pseudomonas reinekei
  0.00	1	1	S	53407	                Pseudomonas asplenii
  0.00	1	1	S	1392877	                Pseudomonas oryzae
  0.00	1	1	S	1415630	                Pseudomonas sp. TKP
  0.00	1	1	S	1434072	                Pseudomonas salegens
  0.00	1	1	S	1499686	                Pseudomonas saudiphocaensis
  0.00	1	1	S	1853130	                Pseudomonas silesiensis
  0.00	1	1	S	2054919	                Pseudomonas sp. S09G 359
  0.00	1	1	S	2083052	                Pseudomonas sp. SWI36
  0.00	1	1	S	2213057	                Pseudomonas sp. R2A2
  0.00	1	0	S	101564	                Pseudomonas alcaliphila
  0.00	1	1	S1	741155	                  Pseudomonas alcaliphila JAB1
  0.00	1	1	S	237610	                Pseudomonas psychrotolerans
  0.00	1	1	S	237609	                Pseudomonas alkylphenolica
  0.00	1	1	S	219572	                Pseudomonas antarctica
  0.00	1	1	S	157783	                Pseudomonas cremoricolorata
  0.00	1	1	S	216142	                Pseudomonas rhizosphaerae
  0.00	1	1	S	122355	                Pseudomonas psychrophila
  0.00	1	1	S	157782	                Pseudomonas parafulva
  0.02	12	0	F	468	            Moraxellaceae
  0.01	7	1	G	469	              Acinetobacter
  0.00	2	0	G1	909768	                Acinetobacter calcoaceticus/baumannii complex
  0.00	1	0	S	48296	                  Acinetobacter pittii
  0.00	1	1	S1	871585	                    Acinetobacter pittii PHEA-2
  0.00	1	1	S	106654	                  Acinetobacter nosocomialis
  0.00	1	1	S	106648	                Acinetobacter bereziniae
  0.00	1	1	S	487316	                Acinetobacter soli
  0.00	1	1	S	1636603	                Acinetobacter sp. ACNIH1
  0.00	1	1	S	1407071	                Acinetobacter sp. TGL-Y2
  0.01	4	0	G	497	              Psychrobacter
  0.00	2	2	S	571800	                Psychrobacter sp. G
  0.00	1	1	S	330922	                Psychrobacter cryohalolentis
  0.00	1	1	S	1699622	                Psychrobacter sp. P2G3
  0.00	1	0	G	475	              Moraxella
  0.00	1	1	S	34062	                Moraxella osloensis
  0.09	51	1	O	91347	          Enterobacterales
  0.04	23	2	F	543	            Enterobacteriaceae
  0.01	7	3	G	561	              Escherichia
  0.01	4	3	S	562	                Escherichia coli
  0.00	1	1	S1	409438	                  Escherichia coli SE11
  0.01	4	2	G	544	              Citrobacter
  0.00	1	0	S	67825	                Citrobacter rodentium
  0.00	1	1	S1	637910	                  Citrobacter rodentium ICC168
  0.00	1	0	G1	1344959	                Citrobacter freundii complex
  0.00	1	1	S	67827	                  Citrobacter werkmanii
  0.00	2	0	G	547	              Enterobacter
  0.00	1	0	G1	354276	                Enterobacter cloacae complex
  0.00	1	1	S	550	                  Enterobacter cloacae
  0.00	1	1	S	1166130	                Enterobacter sp. R4-368
  0.00	2	0	G	413496	              Cronobacter
  0.00	1	0	S	413497	                Cronobacter dublinensis
  0.00	1	0	S1	413498	                  Cronobacter dublinensis subsp. dublinensis
  0.00	1	1	S2	1159554	                    Cronobacter dublinensis subsp. dublinensis LMG 23823
  0.00	1	0	S	413501	                Cronobacter muytjensii
  0.00	1	1	S1	1159613	                  Cronobacter muytjensii ATCC 51329
  0.00	2	0	F1	191675	              unclassified Enterobacteriaceae
  0.00	1	0	F2	36866	                unclassified Enterobacteriaceae (miscellaneous)
  0.00	1	1	S	2066051	                  Enterobacteriaceae bacterium ENNIH1
  0.00	1	0	F2	84563	                ant, tsetse, mealybug, aphid, etc. endosymbionts
  0.00	1	0	F3	84564	                  ant endosymbionts
  0.00	1	0	G	203804	                    Candidatus Blochmannia
  0.00	1	0	S	251542	                      Candidatus Blochmannia chromaiodes
  0.00	1	1	S1	1240471	                        Candidatus Blochmannia chromaiodes str. 640
  0.00	1	0	G	590	              Salmonella
  0.00	1	0	S	28901	                Salmonella enterica
  0.00	1	1	S1	59205	                  Salmonella enterica subsp. houtenae
  0.00	1	0	G	160674	              Raoultella
  0.00	1	1	S	575	                Raoultella planticola
  0.00	1	1	G	570	              Klebsiella
  0.00	1	1	G	1330547	              Kosakonia
  0.02	10	1	F	1903411	            Yersiniaceae
  0.02	9	0	G	629	              Yersinia
  0.01	8	1	G1	1649845	                Yersinia pseudotuberculosis complex
  0.01	6	6	S	367190	                  Yersinia similis
  0.00	1	1	S	632	                  Yersinia pestis
  0.00	1	0	S	29483	                Yersinia aldovae
  0.00	1	1	S1	1453495	                  Yersinia aldovae 670-83
  0.01	8	0	F	1903409	            Erwiniaceae
  0.01	3	0	G	51228	              Wigglesworthia
  0.01	3	0	S	51229	                Wigglesworthia glossinidia
  0.00	2	0	S1	36868	                  Wigglesworthia glossinidia endosymbiont of Glossina morsitans
  0.00	2	2	S2	1142511	                    Wigglesworthia glossinidia endosymbiont of Glossina morsitans morsitans (Yale colony)
  0.00	1	1	S1	36870	                  Wigglesworthia glossinidia endosymbiont of Glossina brevipalpis
  0.00	2	0	G	53335	              Pantoea
  0.00	1	1	S	470934	                Pantoea vagans
  0.00	1	1	S	665914	                Pantoea gaviniae
  0.00	1	0	G	551	              Erwinia
  0.00	1	1	S	552	                Erwinia amylovora
  0.00	1	0	G	32199	              Buchnera
  0.00	1	0	S	9	                Buchnera aphidicola
  0.00	1	1	S1	655384	                  Buchnera aphidicola (Cinara pseudotaxifoliae)
  0.00	1	0	G	82986	              Tatumella
  0.00	1	1	S	82987	                Tatumella ptyseos
  0.01	5	0	F	1903412	            Hafniaceae
  0.01	5	4	G	635	              Edwardsiella
  0.00	1	1	S	636	                Edwardsiella tarda
  0.01	4	0	F	1903414	            Morganellaceae
  0.00	2	0	G	586	              Providencia
  0.00	1	1	S	126385	                Providencia alcalifaciens
  0.00	1	0	S	516075	                Providencia sneebia
  0.00	1	1	S1	1141660	                  Providencia sneebia DSM 19967
  0.00	1	1	G	626	              Xenorhabdus
  0.00	1	0	G	29487	              Photorhabdus
  0.00	1	1	S	291112	                Photorhabdus asymbiotica
  0.04	25	0	O	135622	          Alteromonadales
  0.02	13	0	F	267888	            Pseudoalteromonadaceae
  0.02	13	2	G	53246	              Pseudoalteromonas
  0.00	2	2	S	1348114	                Pseudoalteromonas piratica
  0.00	2	0	S	394751	                Pseudoalteromonas arctica
  0.00	2	2	S1	1117313	                  Pseudoalteromonas arctica A 37-1-2
  0.00	2	0	S	176102	                Pseudoalteromonas agarivorans
  0.00	2	2	S1	1312369	                  Pseudoalteromonas agarivorans DSM 14585
  0.00	1	0	S	227	                Pseudoalteromonas carrageenovora
  0.00	1	1	S1	1314868	                  Pseudoalteromonas carrageenovora IAM 12662
  0.00	1	0	S	28107	                Pseudoalteromonas espejiana
  0.00	1	1	S1	1314869	                  Pseudoalteromonas espejiana DSM 9414
  0.00	1	1	S	43657	                Pseudoalteromonas luteoviolacea
  0.00	1	1	S	43658	                Pseudoalteromonas rubra
  0.00	1	1	S	314281	                Pseudoalteromonas tunicata
  0.01	5	0	F	72275	            Alteromonadaceae
  0.01	3	0	G	2742	              Marinobacter
  0.00	2	2	S	1415568	                Marinobacter sp. LV10R510-11A
  0.00	1	1	S	1420917	                Marinobacter salarius
  0.00	1	0	G	226	              Alteromonas
  0.00	1	1	S	314275	                Alteromonas mediterranea
  0.00	1	0	G	89404	              Glaciecola
  0.00	1	0	S	300231	                Glaciecola nitratireducens
  0.00	1	1	S1	1085623	                  Glaciecola nitratireducens FR1064
  0.01	4	0	F	267890	            Shewanellaceae
  0.01	4	0	G	22	              Shewanella
  0.00	1	0	S	56812	                Shewanella frigidimarina
  0.00	1	1	S1	318167	                  Shewanella frigidimarina NCIMB 400
  0.00	1	0	S	60478	                Shewanella amazonensis
  0.00	1	1	S1	326297	                  Shewanella amazonensis SB2B
  0.00	1	1	S	260364	                Shewanella marisflavi
  0.00	1	0	S	192073	                Shewanella denitrificans
  0.00	1	1	S1	318161	                  Shewanella denitrificans OS217
  0.00	2	0	F	267892	            Ferrimonadaceae
  0.00	2	0	G	44011	              Ferrimonas
  0.00	2	0	S	44012	                Ferrimonas balearica
  0.00	2	2	S1	550540	                  Ferrimonas balearica DSM 9799
  0.00	1	0	F	267893	            Idiomarinaceae
  0.00	1	0	G	135575	              Idiomarina
  0.00	1	1	S	2055892	                Idiomarina sp. X4
  0.03	16	0	O	135623	          Vibrionales
  0.03	16	0	F	641	            Vibrionaceae
  0.03	15	0	G	662	              Vibrio
  0.01	7	0	G1	717610	                Vibrio harveyi group
  0.01	3	3	S	670	                  Vibrio parahaemolyticus
  0.00	2	0	S	766224	                  Vibrio jasicida
  0.00	2	2	S1	1280002	                    Vibrio jasicida 090810c
  0.00	1	1	S	691	                  Vibrio natriegens
  0.00	1	1	S	190895	                  Vibrio rotiferianus
  0.01	4	4	S	55601	                Vibrio anguillarum
  0.00	1	1	S	676	                Vibrio fluvialis
  0.00	1	1	S	687	                Vibrio gazogenes
  0.00	1	1	S	76258	                Vibrio rumoiensis
  0.00	1	1	S	190893	                Vibrio coralliilyticus
  0.00	1	0	G	657	              Photobacterium
  0.00	1	1	S	38293	                Photobacterium damselae
  0.02	11	0	O	135619	          Oceanospirillales
  0.01	7	1	F	28256	            Halomonadaceae
  0.01	5	0	G	2745	              Halomonas
  0.00	1	1	S	115561	                Halomonas hydrothermalis
  0.00	1	1	S	507626	                Halomonas chromatireducens
  0.00	1	1	S	1118153	                Halomonas sp. GFAJ-1
  0.00	1	1	S	1883416	                Halomonas sp. 1513
  0.00	1	1	S	1666906	                Halomonas sp. HL-93
  0.00	1	1	G	504090	              Kushneria
  0.00	2	0	F	1920240	            Kangiellaceae
  0.00	2	0	G	261963	              Kangiella
  0.00	2	2	S	914150	                Kangiella geojedonensis
  0.00	1	0	F	135620	            Oceanospirillaceae
  0.00	1	0	G	187492	              Thalassolituus
  0.00	1	1	S	187493	                Thalassolituus oleivorans
  0.00	1	0	F	255527	            Saccharospirillaceae
  0.00	1	0	G	1445504	              Gynuella
  0.00	1	0	S	1445505	                Gynuella sunshinyii
  0.00	1	1	S1	1445510	                  Gynuella sunshinyii YC6258
  0.01	6	0	O	135613	          Chromatiales
  0.01	3	0	F	1046	            Chromatiaceae
  0.01	3	0	G	53392	              Thiodictyon
  0.01	3	3	S	1166950	                Candidatus Thiodictyon syntrophicum
  0.01	3	0	F	72276	            Ectothiorhodospiraceae
  0.00	1	0	G	1051	              Ectothiorhodospira
  0.00	1	1	S	1442136	                Ectothiorhodospira sp. BSL-9
  0.00	1	0	G	106633	              Thioalkalivibrio
  0.00	1	0	S	108010	                Thioalkalivibrio paradoxus
  0.00	1	1	S1	713585	                  Thioalkalivibrio paradoxus ARh 1
  0.00	1	0	G	1765964	              Acidihalobacter
  0.00	1	1	S	160660	                Acidihalobacter prosperus
  0.01	5	0	C1	118884	          unclassified Gammaproteobacteria
  0.00	2	0	C2	198346	            Candidatus Baumannia
  0.00	2	2	S	186490	              Candidatus Baumannia cicadellinicola
  0.00	2	0	G	1524249	            Pseudohongiella
  0.00	2	2	S	1249552	              Pseudohongiella spirulinae
  0.00	1	0	C2	32036	            sulfur-oxidizing symbionts
  0.00	1	0	S	113267	              Bathymodiolus septemdierum thioautotrophic gill symbiont
  0.00	1	1	S1	1303921	                endosymbiont of Bathymodiolus septemdierum str. Myojin knoll
  0.01	4	0	O	1706369	          Cellvibrionales
  0.01	3	0	F	1706373	            Microbulbiferaceae
  0.01	3	0	G	48073	              Microbulbifer
  0.00	1	1	S	252514	                Microbulbifer thermotolerans
  0.00	1	1	S	260552	                Microbulbifer agarilyticus
  0.00	1	1	S	359370	                Microbulbifer sp. A4B17
  0.00	1	0	F	1706371	            Cellvibrionaceae
  0.00	1	0	G	2425	              Teredinibacter
  0.00	1	0	S	2426	                Teredinibacter turnerae
  0.00	1	1	S1	377629	                  Teredinibacter turnerae T7901
  0.01	3	0	O	135614	          Xanthomonadales
  0.01	3	0	F	32033	            Xanthomonadaceae
  0.00	2	1	G	338	              Xanthomonas
  0.00	1	0	S	456327	                Xanthomonas euvesicatoria
  0.00	1	0	S1	189396	                  Xanthomonas euvesicatoria pv. citrumelonis
  0.00	1	1	S2	981368	                    Xanthomonas axonopodis pv. citrumelo F1
  0.00	1	0	G	40323	              Stenotrophomonas
  0.00	1	0	G1	995085	                Stenotrophomonas maltophilia group
  0.00	1	0	S	40324	                  Stenotrophomonas maltophilia
  0.00	1	1	S1	1190567	                    Stenotrophomonas maltophilia EPM1
  0.01	3	0	O	72273	          Thiotrichales
  0.01	3	0	F	34064	            Francisellaceae
  0.01	3	2	G	262	              Francisella
  0.00	1	0	S	263	                Francisella tularensis
  0.00	1	1	S1	264	                  Francisella tularensis subsp. novicida
  0.00	1	0	O	118969	          Legionellales
  0.00	1	0	F	444	            Legionellaceae
  0.00	1	0	G	445	              Legionella
  0.00	1	1	S	446	                Legionella pneumophila
  0.00	1	0	O	135625	          Pasteurellales
  0.00	1	0	F	712	            Pasteurellaceae
  0.00	1	0	G	416916	              Aggregatibacter
  0.00	1	1	S	732	                Aggregatibacter aphrophilus
  0.00	1	0	O	135624	          Aeromonadales
  0.00	1	0	F	84642	            Aeromonadaceae
  0.00	1	0	G	642	              Aeromonas
  0.00	1	1	S	2033032	                Aeromonas sp. CA23
  0.00	1	0	O	135618	          Methylococcales
  0.00	1	0	F	403	            Methylococcaceae
  0.00	1	1	G	416	              Methylomonas
  0.19	113	1	C	28216	        Betaproteobacteria
  0.18	106	9	O	80840	          Burkholderiales
  0.11	66	1	F	80864	            Comamonadaceae
  0.10	57	2	G	80865	              Delftia
  0.07	40	5	S	80866	                Delftia acidovorans
  0.06	35	35	S1	398578	                  Delftia acidovorans SPH-1
  0.01	6	6	S	742013	                Delftia sp. Cs1-4
  0.01	6	6	S	1920191	                Delftia sp. HK171
  0.01	3	3	S	180282	                Delftia tsuruhatensis
  0.01	5	0	G	34072	              Variovorax
  0.01	3	0	S	34073	                Variovorax paradoxus
  0.00	2	2	S1	543728	                  Variovorax paradoxus S110
  0.00	1	1	S1	595537	                  Variovorax paradoxus EPS
  0.00	1	1	S	436515	                Variovorax boronicumulans
  0.00	1	1	S	2126319	                Variovorax sp. PMC12
  0.00	1	1	G	12916	              Acidovorax
  0.00	1	0	G	28065	              Rhodoferax
  0.00	1	0	S	192843	                Rhodoferax ferrireducens
  0.00	1	1	S1	338969	                  Rhodoferax ferrireducens T118
  0.00	1	0	G	47420	              Hydrogenophaga
  0.00	1	1	S	1842537	                Hydrogenophaga sp. RAC07
  0.03	19	0	F	119060	            Burkholderiaceae
  0.02	12	0	G	32008	              Burkholderia
  0.01	6	0	G1	111527	                pseudomallei group
  0.01	4	4	S	28450	                  Burkholderia pseudomallei
  0.00	1	1	S	57975	                  Burkholderia thailandensis
  0.00	1	1	S	342113	                  Burkholderia oklahomensis
  0.01	4	2	G1	87882	                Burkholderia cepacia complex
  0.00	1	1	S	60552	                  Burkholderia vietnamiensis
  0.00	1	1	S	1503054	                  Burkholderia stagnalis
  0.00	1	1	S	1804984	                Burkholderia sp. OLGA172
  0.00	1	1	S	1795043	                Burkholderia sp. PAMC 26561
  0.01	4	0	G	1822464	              Paraburkholderia
  0.00	2	1	S	75105	                Paraburkholderia caribensis
  0.00	1	1	S1	1323664	                  Paraburkholderia caribensis MBA4
  0.00	1	0	S	261302	                Paraburkholderia phytofirmans
  0.00	1	1	S1	398527	                  Paraburkholderia phytofirmans PsJN
  0.00	1	0	S	948107	                Paraburkholderia sprentiae
  0.00	1	1	S1	754502	                  Paraburkholderia sprentiae WSM5005
  0.00	1	0	G	44013	              Polynucleobacter
  0.00	1	1	S	576611	                Polynucleobacter asymbioticus
  0.00	1	0	G	93217	              Pandoraea
  0.00	1	1	S	573737	                Pandoraea oxalativorans
  0.00	1	0	G	106589	              Cupriavidus
  0.00	1	1	S	876364	                Cupriavidus sp. USMAA2-4
  0.01	6	0	F	506	            Alcaligenaceae
  0.00	2	0	G	222	              Achromobacter
  0.00	1	1	S	32002	                Achromobacter denitrificans
  0.00	1	1	S	85698	                Achromobacter xylosoxidans
  0.00	2	0	G	517	              Bordetella
  0.00	1	1	S	519	                Bordetella parapertussis
  0.00	1	1	S	1746199	                Bordetella sp. N
  0.00	2	0	G	290425	              Advenella
  0.00	2	0	S	302406	                Advenella mimigardefordensis
  0.00	2	2	S1	1247726	                  Advenella mimigardefordensis DPN7
  0.01	3	0	F	75682	            Oxalobacteraceae
  0.00	2	0	G	963	              Herbaspirillum
  0.00	2	2	S	92645	                Herbaspirillum frisingense
  0.00	1	0	G	29580	              Janthinobacterium
  0.00	1	1	S	1236179	                Janthinobacterium sp. B9-8
  0.01	3	0	O1	119065	            unclassified Burkholderiales
  0.01	3	0	O2	224471	              Burkholderiales Genera incertae sedis
  0.00	2	0	G	65047	                Mitsuaria
  0.00	2	2	S	1658665	                  Mitsuaria sp. 7
  0.00	1	0	G	318147	                Paucibacter
  0.00	1	1	S	1768242	                  Paucibacter sp. KCTC 42545
  0.00	2	0	C1	119066	          unclassified Betaproteobacteria
  0.00	2	0	G	33055	            Candidatus Kinetoplastibacterium
  0.00	2	2	S	1576550	              Candidatus Kinetoplastibacterium sorsogonicusi
  0.00	2	0	O	206389	          Rhodocyclales
  0.00	1	0	F	75787	            Rhodocyclaceae
  0.00	1	0	G	146937	              Azospira
  0.00	1	0	S	146939	                Azospira oryzae
  0.00	1	1	S1	640081	                  Azospira oryzae PS
  0.00	1	0	F	2008794	            Zoogloeaceae
  0.00	1	1	G	12960	              Azoarcus
  0.00	1	0	O	32003	          Nitrosomonadales
  0.00	1	0	F	206379	            Nitrosomonadaceae
  0.00	1	0	G	914	              Nitrosomonas
  0.00	1	1	S	44574	                Nitrosomonas communis
  0.00	1	0	O	206351	          Neisseriales
  0.00	1	0	F	481	            Neisseriaceae
  0.00	1	0	G	482	              Neisseria
  0.00	1	1	S	28091	                Neisseria weaveri
  0.10	57	22	C	28211	        Alphaproteobacteria
  0.03	16	1	O	356	          Rhizobiales
  0.01	6	0	F	82115	            Rhizobiaceae
  0.01	5	0	F1	227290	              Rhizobium/Agrobacterium group
  0.01	4	2	G	357	                Agrobacterium
  0.00	2	2	S	359	                  Agrobacterium rhizogenes
  0.00	1	0	G	379	                Rhizobium
  0.00	1	1	S	424182	                  Rhizobium sp. IRBG74
  0.00	1	0	G	34019	              Liberibacter
  0.00	1	1	S	1273132	                Liberibacter crescens
  0.01	4	0	F	772	            Bartonellaceae
  0.01	4	0	G	773	              Bartonella
  0.00	2	0	S	155194	                Bartonella bovis
  0.00	2	2	S1	1094491	                  Bartonella bovis 91-4
  0.00	1	1	S	803	                Bartonella quintana
  0.00	1	0	S	111504	                Bartonella birtlesii
  0.00	1	1	S1	1095900	                  Bartonella birtlesii IBS 325
  0.00	2	0	F	41294	            Bradyrhizobiaceae
  0.00	1	0	G	374	              Bradyrhizobium
  0.00	1	1	S	288000	                Bradyrhizobium sp. BTAi1
  0.00	1	0	G	1073	              Rhodopseudomonas
  0.00	1	0	S	1076	                Rhodopseudomonas palustris
  0.00	1	1	S1	316056	                  Rhodopseudomonas palustris BisB18
  0.00	1	0	F	118882	            Brucellaceae
  0.00	1	1	G	234	              Brucella
  0.00	1	0	F	119045	            Methylobacteriaceae
  0.00	1	0	G	407	              Methylobacterium
  0.00	1	1	S	1479019	                Methylobacterium sp. C1
  0.00	1	0	F	255475	            Aurantimonadaceae
  0.00	1	0	G	293088	              Martelella
  0.00	1	1	S	1486262	                Martelella endophytica
  0.02	10	0	O	204455	          Rhodobacterales
  0.02	10	2	F	31989	            Rhodobacteraceae
  0.00	2	0	G	34008	              Rhodovulum
  0.00	2	2	S	35806	                Rhodovulum sulfidophilum
  0.00	1	0	G	1060	              Rhodobacter
  0.00	1	1	S	1063	                Rhodobacter sphaeroides
  0.00	1	0	G	2211641	              Yoonia
  0.00	1	1	S	245188	                Yoonia vestfoldensis
  0.00	1	0	G	1649279	              Epibacterium
  0.00	1	0	S	379347	                Epibacterium mobile
  0.00	1	1	S1	1265309	                  Epibacterium mobile F1926
  0.00	1	0	G	152161	              Stappia
  0.00	1	1	S	1881061	                Stappia sp. ES.058
  0.00	1	0	G	265	              Paracoccus
  0.00	1	0	S	266	                Paracoccus denitrificans
  0.00	1	1	S1	318586	                  Paracoccus denitrificans PD1222
  0.00	1	0	F1	58840	              unclassified Rhodobacteraceae
  0.00	1	1	S	1904441	                Rhodobacteraceae bacterium
  0.01	4	0	O	766	          Rickettsiales
  0.00	2	0	F	775	            Rickettsiaceae
  0.00	1	0	F1	33988	              Rickettsieae
  0.00	1	0	G	780	                Rickettsia
  0.00	1	0	G1	114277	                  spotted fever group
  0.00	1	0	S	35789	                    Rickettsia helvetica
  0.00	1	1	S1	1144888	                      Rickettsia helvetica C9P9
  0.00	1	0	G	2115980	              Candidatus Phycorickettsia
  0.00	1	1	S	2115978	                Candidatus Phycorickettsia trachydisci
  0.00	2	0	F	942	            Anaplasmataceae
  0.00	2	0	F1	952	              Wolbachieae
  0.00	2	2	G	953	                Wolbachia
  0.00	2	0	O	204457	          Sphingomonadales
  0.00	2	0	F	335929	            Erythrobacteraceae
  0.00	1	0	G	1041	              Erythrobacter
  0.00	1	1	S	39960	                Erythrobacter litoralis
  0.00	1	0	G	361177	              Altererythrobacter
  0.00	1	1	S	1267766	                Altererythrobacter atlanticus
  0.00	1	0	O	204441	          Rhodospirillales
  0.00	1	0	F	41295	            Rhodospirillaceae
  0.00	1	0	G	191	              Azospirillum
  0.00	1	1	S	528244	                Azospirillum thiophilum
  0.00	1	0	O	204458	          Caulobacterales
  0.00	1	0	F	76892	            Caulobacteraceae
  0.00	1	0	G	41275	              Brevundimonas
  0.00	1	1	S	293	                Brevundimonas diminuta
  0.00	1	0	O	1921002	          Holosporales
  0.00	1	0	F	1777752	            Candidatus Paracaedibacteraceae
  0.00	1	0	G	1521255	              Candidatus Paracaedibacter
  0.00	1	1	S	91604	                Candidatus Paracaedibacter acanthamoebae
  0.04	25	0	P1	68525	        delta/epsilon subdivisions
  0.02	13	0	C	29547	          Epsilonproteobacteria
  0.02	13	0	O	213849	            Campylobacterales
  0.02	10	0	F	72294	              Campylobacteraceae
  0.01	7	0	G	194	                Campylobacter
  0.00	1	0	S	196	                  Campylobacter fetus
  0.00	1	0	S1	32019	                    Campylobacter fetus subsp. fetus
  0.00	1	1	S2	1240980	                      Campylobacter fetus subsp. fetus 04/554
  0.00	1	1	S	1244531	                  Campylobacter iguaniorum
  0.00	1	0	S	488546	                  Campylobacter peloridis
  0.00	1	1	S1	1388753	                    Campylobacter peloridis LMG 23910
  0.00	1	0	S	374106	                  Campylobacter cuniculorum
  0.00	1	1	S1	1121267	                    Campylobacter cuniculorum DSM 23162 = LMG 24588
  0.00	1	0	S	260714	                  Campylobacter insulaenigrae
  0.00	1	1	S1	1031564	                    Campylobacter insulaenigrae NCTC 12927
  0.00	1	1	S	206	                  Campylobacter sputorum
  0.00	1	1	S	195	                  Campylobacter coli
  0.00	2	1	G	57665	                Sulfurospirillum
  0.00	1	0	S	194424	                  Sulfurospirillum halorespirans
  0.00	1	1	S1	1193502	                    Sulfurospirillum halorespirans DSM 13726
  0.00	1	0	G	28196	                Arcobacter
  0.00	1	0	S	28199	                  Arcobacter nitrofigilis
  0.00	1	1	S1	572480	                    Arcobacter nitrofigilis DSM 7299
  0.01	3	0	F	72293	              Helicobacteraceae
  0.00	2	0	G	202746	                Sulfurimonas
  0.00	1	0	S	39766	                  Sulfurimonas denitrificans
  0.00	1	1	S1	326298	                    Sulfurimonas denitrificans DSM 1251
  0.00	1	0	S	1176482	                  Sulfurimonas gotlandica
  0.00	1	1	S1	929558	                    Sulfurimonas gotlandica GD1
  0.00	1	0	G	209	                Helicobacter
  0.00	1	1	S	210	                  Helicobacter pylori
  0.02	12	0	C	28221	          Deltaproteobacteria
  0.01	5	0	O	29	            Myxococcales
  0.01	3	0	O1	80811	              Cystobacterineae
  0.01	3	0	F	31	                Myxococcaceae
  0.01	3	1	G	32	                  Myxococcus
  0.00	1	0	S	33	                    Myxococcus fulvus
  0.00	1	1	S1	1334629	                      Myxococcus fulvus 124B02
  0.00	1	0	S	83455	                    Myxococcus stipitatus
  0.00	1	1	S1	1278073	                      Myxococcus stipitatus DSM 14675
  0.00	1	0	O1	80812	              Sorangiineae
  0.00	1	0	F	49	                Polyangiaceae
  0.00	1	0	G	50	                  Chondromyces
  0.00	1	1	S	52	                    Chondromyces crocatus
  0.00	1	0	O1	224462	              Nannocystineae
  0.00	1	0	F	224464	                Kofleriaceae
  0.00	1	0	G	162027	                  Haliangium
  0.00	1	0	S	80816	                    Haliangium ochraceum
  0.00	1	1	S1	502025	                      Haliangium ochraceum DSM 14365
  0.01	3	0	O	213118	            Desulfobacterales
  0.01	3	0	F	213119	              Desulfobacteraceae
  0.00	1	0	G	2295	                Desulfobacterium
  0.00	1	0	S	2296	                  Desulfobacterium autotrophicum
  0.00	1	1	S1	177437	                    Desulfobacterium autotrophicum HRM2
  0.00	1	0	G	28222	                Desulfobacula
  0.00	1	0	S	28223	                  Desulfobacula toluolica
  0.00	1	1	S1	651182	                    Desulfobacula toluolica Tol2
  0.00	1	0	G	218207	                Desulfatibacillum
  0.00	1	0	S	259354	                  Desulfatibacillum alkenivorans
  0.00	1	1	S1	439235	                    Desulfatibacillum alkenivorans AK-01
  0.00	2	0	O	69541	            Desulfuromonadales
  0.00	2	0	F	213422	              Geobacteraceae
  0.00	2	0	G	28231	                Geobacter
  0.00	1	1	S	35554	                  Geobacter sulfurreducens
  0.00	1	0	S	313985	                  Geobacter lovleyi
  0.00	1	1	S1	398767	                    Geobacter lovleyi SZ
  0.00	2	0	O	213115	            Desulfovibrionales
  0.00	2	0	F	194924	              Desulfovibrionaceae
  0.00	2	0	G	872	                Desulfovibrio
  0.00	2	2	S	881	                  Desulfovibrio vulgaris
  0.00	1	0	C	580370	        Zetaproteobacteria
  0.00	1	0	O	580371	          Mariprofundales
  0.00	1	0	F	580372	            Mariprofundaceae
  0.00	1	0	G	377315	              Mariprofundus
  0.00	1	1	S	1921086	                Mariprofundus aestuarium
  0.00	1	0	C	1553900	        Oligoflexia
  0.00	1	0	O	2024979	          Bacteriovoracales
  0.00	1	0	F	263369	            Bacteriovoracaceae
  0.00	1	0	G	146784	              Bacteriovorax
  0.00	1	1	S	960	                Bacteriovorax stolpii
  0.65	385	0	D1	1783270	      FCB group
  0.65	385	0	D2	68336	        Bacteroidetes/Chlorobi group
  0.65	384	4	P	976	          Bacteroidetes
  0.58	341	0	C	117743	            Flavobacteriia
  0.58	341	0	O	200644	              Flavobacteriales
  0.57	340	42	F	49546	                Flavobacteriaceae
  0.16	94	6	G	52959	                  Polaribacter
  0.03	15	15	S	1855336	                    Polaribacter sp. KT25b
  0.02	12	12	S	996801	                    Polaribacter reichenbachii
  0.02	11	11	S	313598	                    Polaribacter sp. MED152
  0.02	10	10	S	1336804	                    Polaribacter sp. Hel1_33_78
  0.02	9	9	S	1312072	                    Polaribacter sp. SA4-12
  0.02	9	9	S	1774273	                    Polaribacter vadi
  0.01	8	8	S	2058137	                    Polaribacter sp. ALD11
  0.01	6	6	S	754397	                    Polaribacter sp. SA4-10
  0.01	4	4	S	1529069	                    Polaribacter sp. BM10
  0.01	4	4	S	1896175	                    Polaribacter sp. KT 15
  0.12	71	8	G	237	                  Flavobacterium
  0.02	12	12	S	2201181	                    Flavobacterium sp. MEBiC07310
  0.02	11	6	S	986	                    Flavobacterium johnsoniae
  0.01	5	5	S1	376686	                      Flavobacterium johnsoniae UW101
  0.02	9	0	S	312277	                    Flavobacterium indicum
  0.02	9	9	S1	1094466	                      Flavobacterium indicum GPTSA100-9 = DSM 17447
  0.01	7	7	S	1306519	                    Flavobacterium commune
  0.01	6	6	S	996	                    Flavobacterium columnare
  0.01	5	0	S	55197	                    Flavobacterium branchiophilum
  0.01	5	5	S1	1034807	                      Flavobacterium branchiophilum FL-15
  0.01	3	3	S	1492737	                    Flavobacterium gilvum
  0.01	3	3	S	2183896	                    Flavobacterium sp. HYN0056
  0.00	2	2	S	1355330	                    Flavobacterium faecale
  0.00	2	2	S	1763534	                    Flavobacterium crassostreae
  0.00	1	1	S	96345	                    Flavobacterium psychrophilum
  0.00	1	1	S	2172098	                    Flavobacterium sp. HYN0049
  0.00	1	1	S	2175091	                    Flavobacterium sp. HYN0059
  0.05	30	0	G	104267	                  Tenacibaculum
  0.02	12	12	S	1850252	                    Tenacibaculum todarodis
  0.01	7	7	S	584609	                    Tenacibaculum jejuense
  0.01	4	4	S	107401	                    Tenacibaculum maritimum
  0.01	4	4	S	669041	                    Tenacibaculum dicentrarchi
  0.01	3	3	S	754423	                    Tenacibaculum sp. SZ-18
  0.02	14	1	G	291183	                  Lacinutrix
  0.01	7	7	S	983544	                    Lacinutrix sp. 5H-3-7-4
  0.01	4	4	S	1486034	                    Lacinutrix venerupis
  0.00	2	2	S	2057808	                    Lacinutrix sp. Bg11-31
  0.02	9	1	G	363408	                  Nonlabens
  0.01	4	4	S	2058134	                    Nonlabens sp. MB-3u-79
  0.00	2	2	S	1336802	                    Nonlabens sp. Hel1_33_55
  0.00	1	0	S	328515	                    Nonlabens dokdonensis
  0.00	1	1	S1	592029	                      Nonlabens dokdonensis DSW-6
  0.00	1	1	S	331648	                    Nonlabens spongiae
  0.01	8	0	G	104264	                  Cellulophaga
  0.01	4	4	S	979	                    Cellulophaga lytica
  0.00	2	0	S	59600	                    Cellulophaga algicola
  0.00	2	2	S1	688270	                      Cellulophaga algicola DSM 14237
  0.00	2	0	S	76594	                    Cellulophaga baltica
  0.00	1	1	S1	1348584	                      Cellulophaga baltica 18
  0.00	1	1	S1	1348585	                      Cellulophaga baltica NN016038
  0.01	7	3	G	76831	                  Myroides
  0.00	2	0	S	256	                    Myroides odoratus
  0.00	2	2	S1	929704	                      Myroides odoratus DSM 2801
  0.00	1	1	S	76832	                    Myroides odoratimimus
  0.00	1	1	S	480520	                    Myroides profundi
  0.01	5	0	G	59732	                  Chryseobacterium
  0.01	3	3	S	558152	                    Chryseobacterium piperi
  0.00	1	1	S	878220	                    Chryseobacterium sp. StRB126
  0.00	1	1	S	2015076	                    Chryseobacterium sp. T16E-39
  0.01	5	0	G	358023	                  Lutibacter
  0.01	3	3	S	1622118	                    Lutibacter profundi
  0.00	2	2	S	1850246	                    Lutibacter sp. LPB0138
  0.01	5	0	G	1209327	                  Flavivirga
  0.01	5	5	S	1803846	                    Flavivirga eckloniae
  0.01	5	2	G	1016	                  Capnocytophaga
  0.00	1	0	S	1018	                    Capnocytophaga ochracea
  0.00	1	1	S1	521097	                      Capnocytophaga ochracea DSM 7271
  0.00	1	1	S	1019	                    Capnocytophaga sputigena
  0.00	1	1	S	28189	                    Capnocytophaga cynodegmi
  0.01	5	0	G	252356	                  Maribacter
  0.01	3	3	S	1836467	                    Maribacter sp. T28
  0.00	1	1	S	1178778	                    Maribacter cobaltidurans
  0.00	1	1	S	1250153	                    Maribacter sp. MAR_2009_60
  0.01	4	1	G	286104	                  Winogradskyella
  0.01	3	3	S	754409	                    Winogradskyella sp. PG-2
  0.01	4	0	G	261827	                  Algibacter
  0.01	4	4	S	1736674	                    Algibacter alginicilyticus
  0.01	4	0	G	225842	                  Formosa
  0.00	2	0	S	320324	                    Formosa agariphila
  0.00	2	2	S1	1347342	                      Formosa agariphila KMM 3901
  0.00	1	1	S	1336794	                    Formosa sp. Hel1_33_131
  0.00	1	1	S	1798225	                    Formosa sp. Hel1_31_208
  0.01	4	0	G	1649495	                  Seonamhaeicola
  0.01	4	4	S	1936081	                    Seonamhaeicola sp. S2-3
  0.01	3	0	G	1204360	                  Siansivirga
  0.01	3	0	S	762954	                    Siansivirga zeaxanthinifaciens
  0.01	3	3	S1	1454006	                      Siansivirga zeaxanthinifaciens CC-SAMT-1
  0.00	2	0	G	336276	                  Olleya
  0.00	2	2	S	2058135	                    Olleya sp. Bg11-27
  0.00	2	1	G	326319	                  Dokdonia
  0.00	1	1	S	983548	                    Dokdonia sp. 4H-3-7-5
  0.00	2	0	G	393005	                  Tamlana
  0.00	2	2	S	2069432	                    Tamlana sp. UJ94
  0.00	2	0	G	308865	                  Elizabethkingia
  0.00	1	1	S	238	                    Elizabethkingia meningoseptica
  0.00	1	1	S	172045	                    Elizabethkingia miricola
  0.00	2	0	G	244698	                  Gillisia
  0.00	2	2	S	1336796	                    Gillisia sp. Hel1_33_143
  0.00	2	0	G	83612	                  Psychroflexus
  0.00	2	0	S	57029	                    Psychroflexus torquis
  0.00	2	2	S1	313595	                      Psychroflexus torquis ATCC 700755
  0.00	2	0	F1	61432	                  unclassified Flavobacteriaceae
  0.00	2	2	S	1150389	                    Flavobacteriaceae bacterium UJ101
  0.00	2	0	G	34084	                  Riemerella
  0.00	2	2	S	34085	                    Riemerella anatipestifer
  0.00	2	0	G	1518147	                  Wenyingzhuangia
  0.00	2	2	S	1790137	                    Wenyingzhuangia fucanilytica
  0.00	1	0	G	216431	                  Croceibacter
  0.00	1	0	S	313588	                    Croceibacter atlanticus
  0.00	1	1	S1	216432	                      Croceibacter atlanticus HTCC2559
  0.00	1	0	G	292691	                  Gramella
  0.00	1	1	S	1250231	                    Gramella sp. MAR_2010_102
  0.00	1	0	G	112040	                  Zobellia
  0.00	1	1	S	63186	                    Zobellia galactanivorans
  0.00	1	0	F	1853230	                Crocinitomicaceae
  0.00	1	0	G	332102	                  Fluviicola
  0.00	1	0	S	191579	                    Fluviicola taffensis
  0.00	1	1	S1	755732	                      Fluviicola taffensis DSM 16823
  0.04	22	0	C	768503	            Cytophagia
  0.04	22	0	O	768507	              Cytophagales
  0.02	14	0	F	89373	                Cytophagaceae
  0.02	11	0	G	107	                  Spirosoma
  0.02	11	11	S	2057025	                    Spirosoma sp. HA7
  0.00	2	0	G	2173039	                  Arcticibacterium
  0.00	2	2	S	1784714	                    Arcticibacterium luteifluviistationis
  0.00	1	0	G	105	                  Runella
  0.00	1	0	S	106	                    Runella slithyformis
  0.00	1	1	S1	761193	                      Runella slithyformis DSM 19594
  0.00	2	0	F	200667	                Flammeovirgaceae
  0.00	2	0	G	869806	                  Marivirga
  0.00	2	0	S	1006	                    Marivirga tractuosa
  0.00	2	2	S1	643867	                      Marivirga tractuosa DSM 4126
  0.00	2	0	O1	1124781	                unclassified Cytophagales
  0.00	2	0	O2	1751870	                  unclassified Cytophagales (miscellaneous)
  0.00	2	2	S	1945892	                    Cytophagales bacterium TFI 002
  0.00	2	0	F	1937968	                Bernardetiaceae
  0.00	2	0	G	1937972	                  Bernardetia
  0.00	2	0	S	999	                    Bernardetia litoralis
  0.00	2	2	S1	880071	                      Bernardetia litoralis DSM 6794
  0.00	1	0	F	563798	                Cyclobacteriaceae
  0.00	1	0	G	232244	                  Belliella
  0.00	1	0	S	232259	                    Belliella baltica
  0.00	1	1	S1	866536	                      Belliella baltica DSM 15883
  0.00	1	0	F	1853232	                Hymenobacteraceae
  0.00	1	0	G	1379908	                  Rufibacter
  0.00	1	1	S	512763	                    Rufibacter tibetensis
  0.01	7	0	C	200643	            Bacteroidia
  0.01	7	1	O	171549	              Bacteroidales
  0.01	3	0	F	171552	                Prevotellaceae
  0.01	3	0	G	838	                  Prevotella
  0.00	1	1	S	76123	                    Prevotella enoeca
  0.00	1	0	S	589436	                    Prevotella fusca
  0.00	1	1	S1	1236517	                      Prevotella fusca JCM 17724
  0.00	1	1	S	1177574	                    Prevotella jejuni
  0.00	2	0	F	815	                Bacteroidaceae
  0.00	2	0	G	816	                  Bacteroides
  0.00	1	1	S	821	                    Bacteroides vulgatus
  0.00	1	1	S	28116	                    Bacteroides ovatus
  0.00	1	0	F	2005525	                Tannerellaceae
  0.00	1	1	G	375288	                  Parabacteroides
  0.01	6	0	C	1853228	            Chitinophagia
  0.01	6	0	O	1853229	              Chitinophagales
  0.01	6	1	F	563835	                Chitinophagaceae
  0.00	2	0	G	79328	                  Chitinophaga
  0.00	1	0	S	79329	                    Chitinophaga pinensis
  0.00	1	1	S1	485918	                      Chitinophaga pinensis DSM 2588
  0.00	1	1	S	2029983	                    Chitinophaga caeni
  0.00	1	0	G	354354	                  Niastella
  0.00	1	0	S	354356	                    Niastella koreensis
  0.00	1	1	S1	700598	                      Niastella koreensis GR20-10
  0.00	1	0	G	398041	                  Flavisolibacter
  0.00	1	1	S	1492898	                    Flavisolibacter tropicus
  0.00	1	0	G	1769012	                  Arachidicoccus
  0.00	1	1	S	1850526	                    Arachidicoccus sp. BS20
  0.01	3	0	C	117747	            Sphingobacteriia
  0.01	3	0	O	200666	              Sphingobacteriales
  0.01	3	0	F	84566	                Sphingobacteriaceae
  0.00	1	0	G	28453	                  Sphingobacterium
  0.00	1	1	S	1010	                    Sphingobacterium mizutaii
  0.00	1	0	G	84567	                  Pedobacter
  0.00	1	1	S	363852	                    Pedobacter ginsengisoli
  0.00	1	0	F1	84568	                  unclassified Sphingobacteriaceae
  0.00	1	1	S	1986952	                    Sphingobacteriaceae bacterium GW460-11-11-14-LB5
  0.00	1	0	C	1937959	            Saprospiria
  0.00	1	0	O	1936988	              Saprospirales
  0.00	1	0	F	1937961	                Haliscomenobacteraceae
  0.00	1	0	G	2349	                  Haliscomenobacter
  0.00	1	0	S	2350	                    Haliscomenobacter hydrossis
  0.00	1	1	S1	760192	                      Haliscomenobacter hydrossis DSM 1100
  0.00	1	0	P	1090	          Chlorobi
  0.00	1	0	C	191410	            Chlorobia
  0.00	1	0	O	191411	              Chlorobiales
  0.00	1	0	F	191412	                Chlorobiaceae
  0.00	1	0	F1	274493	                  Chlorobium/Pelodictyon group
  0.00	1	0	G	1091	                    Chlorobium
  0.00	1	0	S	1092	                      Chlorobium limicola
  0.00	1	1	S1	290315	                        Chlorobium limicola DSM 245
  0.01	5	0	P	32066	      Fusobacteria
  0.01	5	0	C	203490	        Fusobacteriia
  0.01	5	0	O	203491	          Fusobacteriales
  0.01	3	0	F	1129771	            Leptotrichiaceae
  0.00	2	0	G	32068	              Sebaldella
  0.00	2	0	S	826	                Sebaldella termitidis
  0.00	2	2	S1	526218	                  Sebaldella termitidis ATCC 33386
  0.00	1	0	G	168808	              Sneathia
  0.00	1	1	S	187101	                Sneathia amnii
  0.00	2	0	F	203492	            Fusobacteriaceae
  0.00	2	0	G	848	              Fusobacterium
  0.00	1	1	S	856	                Fusobacterium varium
  0.00	1	1	S	860	                Fusobacterium periodonticum
  0.01	5	0	P	203691	      Spirochaetes
  0.01	5	0	C	203692	        Spirochaetia
  0.01	3	0	O	136	          Spirochaetales
  0.00	2	0	F	137	            Spirochaetaceae
  0.00	1	0	G	157	              Treponema
  0.00	1	0	S	158	                Treponema denticola
  0.00	1	1	S1	999432	                  Treponema denticola H-22
  0.00	1	0	G	399320	              Sphaerochaeta
  0.00	1	0	S	1131703	                Sphaerochaeta globosa
  0.00	1	1	S1	158189	                  Sphaerochaeta globosa str. Buddy
  0.00	1	0	F	1643685	            Borreliaceae
  0.00	1	0	G	138	              Borrelia
  0.00	1	1	S	140	                Borrelia hermsii
  0.00	1	0	O	1643686	          Brachyspirales
  0.00	1	0	F	143786	            Brachyspiraceae
  0.00	1	0	G	29521	              Brachyspira
  0.00	1	0	S	84378	                Brachyspira murdochii
  0.00	1	1	S1	526224	                  Brachyspira murdochii DSM 12563
  0.00	1	0	C1	1643688	          Leptospirales
  0.00	1	0	F	170	            Leptospiraceae
  0.00	1	0	G	171	              Leptospira
  0.00	1	1	S	173	                Leptospira interrogans
  0.00	2	0	P	200918	      Thermotogae
  0.00	2	0	C	188708	        Thermotogae
  0.00	1	0	O	2419	          Thermotogales
  0.00	1	0	F	1643950	            Fervidobacteriaceae
  0.00	1	1	G	2420	              Thermosipho
  0.00	1	0	O	1643946	          Kosmotogales
  0.00	1	0	F	1643948	            Kosmotogaceae
  0.00	1	0	G	651456	              Kosmotoga
  0.00	1	1	S	1330330	                Kosmotoga pacifica
  0.00	1	0	D1	1783257	      PVC group
  0.00	1	0	P	204428	        Chlamydiae
  0.00	1	0	C	204429	          Chlamydiia
  0.00	1	0	O	51291	            Chlamydiales
  0.00	1	0	F	809	              Chlamydiaceae
  0.00	1	0	F1	1113537	                Chlamydia/Chlamydophila group
  0.00	1	0	G	810	                  Chlamydia
  0.00	1	0	S	83554	                    Chlamydia psittaci
  0.00	1	1	S1	1218357	                      Chlamydia psittaci M56
  0.00	1	0	P	200783	      Aquificae
  0.00	1	0	C	187857	        Aquificae
  0.00	1	0	O	32069	          Aquificales
  0.00	1	0	F	64898	            Aquificaceae
  0.00	1	0	G	2713	              Aquifex
  0.00	1	0	S	63363	                Aquifex aeolicus
  0.00	1	1	S1	224324	                  Aquifex aeolicus VF5
  0.00	1	0	P	200930	      Deferribacteres
  0.00	1	0	C	68337	        Deferribacteres
  0.00	1	0	O	191393	          Deferribacterales
  0.00	1	0	F	191394	            Deferribacteraceae
  0.00	1	0	G	2351	              Flexistipes
  0.00	1	0	S	2352	                Flexistipes sinusarabici
  0.00	1	1	S1	717231	                  Flexistipes sinusarabici DSM 4947
  0.00	1	0	P	200940	      Thermodesulfobacteria
  0.00	1	0	C	67799	        Thermodesulfobacteria
  0.00	1	0	O	188710	          Thermodesulfobacteriales
  0.00	1	0	F	188711	            Thermodesulfobacteriaceae
  0.00	1	0	G	1740	              Thermodesulfobacterium
  0.00	1	0	S	1295609	                Thermodesulfobacterium geofontis
  0.00	1	1	S1	795359	                  Thermodesulfobacterium geofontis OPF15
  0.04	23	23	R1	28384	  other sequences
  0.03	20	0	D	10239	  Viruses
  0.03	17	0	D1	35237	    dsDNA viruses, no RNA stage
  0.02	11	0	D2	51368	      unclassified dsDNA viruses
  0.02	11	0	G	2060084	        Pandoravirus
  0.02	10	10	S	1605721	          Pandoravirus inopinatum
  0.00	1	1	S	1349410	          Pandoravirus salinus
  0.00	2	0	O	28883	      Caudovirales
  0.00	2	0	F	10662	        Myoviridae
  0.00	2	0	F1	1198136	          Tevenvirinae
  0.00	1	0	G	10663	            T4virus
  0.00	1	0	G1	329380	              unclassified T4virus
  0.00	1	1	S	268747	                Prochlorococcus phage P-SSM4
  0.00	1	1	G	1913652	            Rb69virus
  0.00	1	0	O	548681	      Herpesvirales
  0.00	1	0	F	10292	        Herpesviridae
  0.00	1	0	F1	10374	          Gammaherpesvirinae
  0.00	1	0	G	10379	            Rhadinovirus
  0.00	1	1	S	1605972	              Cricetid gammaherpesvirus 2
  0.00	1	0	F	10482	      Polydnaviridae
  0.00	1	0	G	10485	        Bracovirus
  0.00	1	1	S	39640	          Cotesia congregata bracovirus
  0.00	1	0	F	1511852	      Nudiviridae
  0.00	1	0	G	1511854	        Betanudivirus
  0.00	1	0	S	29250	          Heliothis zea nudivirus
  0.00	1	1	S1	1128424	            Helicoverpa zea nudivirus 2
  0.00	1	0	F	1285590	      Hytrosaviridae
  0.00	1	0	G	1285593	        Muscavirus
  0.00	1	0	S	1285595	          Musca hytrovirus
  0.00	1	1	S1	523909	            Musca domestica salivary gland hypertrophy virus
  0.00	1	0	D1	12429	    unclassified viruses
  0.00	1	1	S	552509	      Leptopilina boulardi filamentous virus
  0.00	1	0	D1	12877	    Satellites
  0.00	1	0	F	1993640	      Tolecusatellitidae
  0.00	1	0	G	190729	        Betasatellite
  0.00	1	1	S	1428189	          Hedyotis yellow mosaic betasatellite
  0.00	1	0	D1	439488	    ssRNA viruses
  0.00	1	0	D2	35301	      ssRNA negative-strand viruses
  0.00	1	0	O	1980410	        Bunyavirales
  0.00	1	0	F	1980419	          Tospoviridae
  0.00	1	0	G	11611	            Orthotospovirus
  0.00	1	1	S	1933298	              Tomato spotted wilt orthotospovirus
